legal and policy,vaccination experience,infected experience,opinions to vaccine,opinions to covid,third party
court,sore,sore,toxic,cheap,effectiveness
federal,dies,family,lower,counter,study
licensed,fine,symptoms,caused,hard,scientists
authorization,experience,daily,completely,pandemic,researchers
deals,transplant,diagnosed,money,fear,canada
canada,feel,jabbed,disease,believe,oral
interchangeable,card,school,fatality,dead,targeting
comirnaty,fever,vaxed,claims,current,clinic
emergency,pain,breakthrough,cure,low,revealed
judge,tired,fever,delta,fda,event
